intro	On a wide screen, harbor does the same job, but the edges are different.
intro	A rail down the side, a notch at the side, a hinge in the middle, and on a television, a safe band all the way round.
rail	A dock can claim any edge. On a tablet, the navigation rail is a dock at the start.
rail	The page moors beside it, and its rows keep their margin from the rail.
reading	Start and end follow reading order. In a right-to-left language, the rail moves to the right.
landscape	Turn a phone on its side, and the coast moves to the sides, around the notch.
landscape	The list still runs edge to edge, while its rows keep clear of it.
hinge	A dual-screen phone has a hinge down the middle.
hinge	Sheets, dialogs and flares keep to one screen, never across it.
tv	On a television, the coast is the title-safe band around the edge of the screen.
tv	A scale model lays the harbor out on a reference screen and scales it to fit.
outro	Docks claim the edges, whatever the screen.
